chunk_id,document_id,manufacturer,product,source_file,section_number,page_start,page_end,chunk_index,chunk_count_for_section,token_estimate,content_types,table_count,image_count,content_chars
sika__fds-20-esmalte-alquidico-serie-31__sec01__chunk01,sika__fds-20-esmalte-alquidico-serie-31,SIKA,Esmalte Alquídico Serie 31,FDS 20 - Esmalte Alquídico Serie 31.pdf,1,1,1,1,1,162,"image,ocr,text",0,1,1354
sika__fds-20-esmalte-alquidico-serie-31__sec02__chunk01,sika__fds-20-esmalte-alquidico-serie-31,SIKA,Esmalte Alquídico Serie 31,FDS 20 - Esmalte Alquídico Serie 31.pdf,2,1,3,1,1,598,"image,ocr,text",0,1,4259
sika__fds-20-esmalte-alquidico-serie-31__sec03__chunk01,sika__fds-20-esmalte-alquidico-serie-31,SIKA,Esmalte Alquídico Serie 31,FDS 20 - Esmalte Alquídico Serie 31.pdf,3,3,3,1,1,131,"table,text",1,0,1000
sika__fds-20-esmalte-alquidico-serie-31__sec04__chunk01,sika__fds-20-esmalte-alquidico-serie-31,SIKA,Esmalte Alquídico Serie 31,FDS 20 - Esmalte Alquídico Serie 31.pdf,4,3,4,1,1,309,text,0,0,2065
sika__fds-20-esmalte-alquidico-serie-31__sec05__chunk01,sika__fds-20-esmalte-alquidico-serie-31,SIKA,Esmalte Alquídico Serie 31,FDS 20 - Esmalte Alquídico Serie 31.pdf,5,4,4,1,1,227,text,0,0,1494
sika__fds-20-esmalte-alquidico-serie-31__sec06__chunk01,sika__fds-20-esmalte-alquidico-serie-31,SIKA,Esmalte Alquídico Serie 31,FDS 20 - Esmalte Alquídico Serie 31.pdf,6,4,5,1,1,278,text,0,0,1811
sika__fds-20-esmalte-alquidico-serie-31__sec07__chunk01,sika__fds-20-esmalte-alquidico-serie-31,SIKA,Esmalte Alquídico Serie 31,FDS 20 - Esmalte Alquídico Serie 31.pdf,7,5,5,1,1,267,text,0,0,1795
sika__fds-20-esmalte-alquidico-serie-31__sec08__chunk01,sika__fds-20-esmalte-alquidico-serie-31,SIKA,Esmalte Alquídico Serie 31,FDS 20 - Esmalte Alquídico Serie 31.pdf,8,5,7,1,1,588,text,0,0,3879
sika__fds-20-esmalte-alquidico-serie-31__sec09__chunk01,sika__fds-20-esmalte-alquidico-serie-31,SIKA,Esmalte Alquídico Serie 31,FDS 20 - Esmalte Alquídico Serie 31.pdf,9,7,7,1,1,169,text,0,0,1222
sika__fds-20-esmalte-alquidico-serie-31__sec10__chunk01,sika__fds-20-esmalte-alquidico-serie-31,SIKA,Esmalte Alquídico Serie 31,FDS 20 - Esmalte Alquídico Serie 31.pdf,10,7,8,1,1,94,text,0,0,677
sika__fds-20-esmalte-alquidico-serie-31__sec11__chunk01,sika__fds-20-esmalte-alquidico-serie-31,SIKA,Esmalte Alquídico Serie 31,FDS 20 - Esmalte Alquídico Serie 31.pdf,11,8,8,1,1,23,text,0,0,189
sika__fds-20-esmalte-alquidico-serie-31__sec12__chunk01,sika__fds-20-esmalte-alquidico-serie-31,SIKA,Esmalte Alquídico Serie 31,FDS 20 - Esmalte Alquídico Serie 31.pdf,12,8,8,1,1,72,text,0,0,558
sika__fds-20-esmalte-alquidico-serie-31__sec13__chunk01,sika__fds-20-esmalte-alquidico-serie-31,SIKA,Esmalte Alquídico Serie 31,FDS 20 - Esmalte Alquídico Serie 31.pdf,13,8,9,1,1,151,text,0,0,1026
sika__fds-20-esmalte-alquidico-serie-31__sec14__chunk01,sika__fds-20-esmalte-alquidico-serie-31,SIKA,Esmalte Alquídico Serie 31,FDS 20 - Esmalte Alquídico Serie 31.pdf,14,9,9,1,1,291,"image,ocr,table,text",1,3,3146
sika__fds-20-esmalte-alquidico-serie-31__sec15__chunk01,sika__fds-20-esmalte-alquidico-serie-31,SIKA,Esmalte Alquídico Serie 31,FDS 20 - Esmalte Alquídico Serie 31.pdf,15,9,9,1,1,128,text,0,0,934
sika__fds-20-esmalte-alquidico-serie-31__sec16__chunk01,sika__fds-20-esmalte-alquidico-serie-31,SIKA,Esmalte Alquídico Serie 31,FDS 20 - Esmalte Alquídico Serie 31.pdf,16,9,10,1,1,167,"image,ocr,text",0,1,1371
sika__fds-22-esmalte-uretano-ar-comp-b__sec01__chunk01,sika__fds-22-esmalte-uretano-ar-comp-b,SIKA,Esmalte Uretano AR Comp. B,FDS 22 - Esmalte Uretano AR Comp. B.pdf,1,1,1,1,1,163,"image,ocr,text",0,1,1349
sika__fds-22-esmalte-uretano-ar-comp-b__sec02__chunk01,sika__fds-22-esmalte-uretano-ar-comp-b,SIKA,Esmalte Uretano AR Comp. B,FDS 22 - Esmalte Uretano AR Comp. B.pdf,2,1,2,1,1,301,"image,ocr,text",0,1,2252
sika__fds-22-esmalte-uretano-ar-comp-b__sec03__chunk01,sika__fds-22-esmalte-uretano-ar-comp-b,SIKA,Esmalte Uretano AR Comp. B,FDS 22 - Esmalte Uretano AR Comp. B.pdf,3,2,2,1,1,136,"table,text",1,0,1116
sika__fds-22-esmalte-uretano-ar-comp-b__sec04__chunk01,sika__fds-22-esmalte-uretano-ar-comp-b,SIKA,Esmalte Uretano AR Comp. B,FDS 22 - Esmalte Uretano AR Comp. B.pdf,4,2,3,1,1,201,text,0,0,1355
sika__fds-22-esmalte-uretano-ar-comp-b__sec05__chunk01,sika__fds-22-esmalte-uretano-ar-comp-b,SIKA,Esmalte Uretano AR Comp. B,FDS 22 - Esmalte Uretano AR Comp. B.pdf,5,3,3,1,1,138,text,0,0,890
sika__fds-22-esmalte-uretano-ar-comp-b__sec06__chunk01,sika__fds-22-esmalte-uretano-ar-comp-b,SIKA,Esmalte Uretano AR Comp. B,FDS 22 - Esmalte Uretano AR Comp. B.pdf,6,3,4,1,1,229,text,0,0,1485
sika__fds-22-esmalte-uretano-ar-comp-b__sec07__chunk01,sika__fds-22-esmalte-uretano-ar-comp-b,SIKA,Esmalte Uretano AR Comp. B,FDS 22 - Esmalte Uretano AR Comp. B.pdf,7,4,4,1,1,275,text,0,0,1823
sika__fds-22-esmalte-uretano-ar-comp-b__sec08__chunk01,sika__fds-22-esmalte-uretano-ar-comp-b,SIKA,Esmalte Uretano AR Comp. B,FDS 22 - Esmalte Uretano AR Comp. B.pdf,8,4,5,1,1,346,"table,text",1,0,2487
sika__fds-22-esmalte-uretano-ar-comp-b__sec09__chunk01,sika__fds-22-esmalte-uretano-ar-comp-b,SIKA,Esmalte Uretano AR Comp. B,FDS 22 - Esmalte Uretano AR Comp. B.pdf,9,5,6,1,1,169,text,0,0,1258
sika__fds-22-esmalte-uretano-ar-comp-b__sec10__chunk01,sika__fds-22-esmalte-uretano-ar-comp-b,SIKA,Esmalte Uretano AR Comp. B,FDS 22 - Esmalte Uretano AR Comp. B.pdf,10,6,6,1,1,104,text,0,0,766
sika__fds-22-esmalte-uretano-ar-comp-b__sec11__chunk01,sika__fds-22-esmalte-uretano-ar-comp-b,SIKA,Esmalte Uretano AR Comp. B,FDS 22 - Esmalte Uretano AR Comp. B.pdf,11,6,6,1,1,95,text,0,0,689
sika__fds-22-esmalte-uretano-ar-comp-b__sec12__chunk01,sika__fds-22-esmalte-uretano-ar-comp-b,SIKA,Esmalte Uretano AR Comp. B,FDS 22 - Esmalte Uretano AR Comp. B.pdf,12,6,7,1,1,51,text,0,0,393
sika__fds-22-esmalte-uretano-ar-comp-b__sec13__chunk01,sika__fds-22-esmalte-uretano-ar-comp-b,SIKA,Esmalte Uretano AR Comp. B,FDS 22 - Esmalte Uretano AR Comp. B.pdf,13,7,7,1,1,159,text,0,0,1081
sika__fds-22-esmalte-uretano-ar-comp-b__sec14__chunk01,sika__fds-22-esmalte-uretano-ar-comp-b,SIKA,Esmalte Uretano AR Comp. B,FDS 22 - Esmalte Uretano AR Comp. B.pdf,14,7,8,1,1,318,"image,ocr,table,text",1,3,3387
sika__fds-22-esmalte-uretano-ar-comp-b__sec15__chunk01,sika__fds-22-esmalte-uretano-ar-comp-b,SIKA,Esmalte Uretano AR Comp. B,FDS 22 - Esmalte Uretano AR Comp. B.pdf,15,8,8,1,1,178,text,0,0,1222
sika__fds-22-esmalte-uretano-ar-comp-b__sec16__chunk01,sika__fds-22-esmalte-uretano-ar-comp-b,SIKA,Esmalte Uretano AR Comp. B,FDS 22 - Esmalte Uretano AR Comp. B.pdf,16,8,8,1,1,168,"image,ocr,text",0,1,1365
sika__fds-26-esmalte-epoxico-aluminio-333441__sec01__chunk01,sika__fds-26-esmalte-epoxico-aluminio-333441,SIKA,Esmalte Epóxico Aluminio,FDS 26 - Esmalte Epóxico Aluminio 333441.pdf,1,1,1,1,1,161,"image,ocr,text",0,1,1378
sika__fds-26-esmalte-epoxico-aluminio-333441__sec02__chunk01,sika__fds-26-esmalte-epoxico-aluminio-333441,SIKA,Esmalte Epóxico Aluminio,FDS 26 - Esmalte Epóxico Aluminio 333441.pdf,2,1,2,1,1,447,"image,ocr,text",0,2,3600
sika__fds-26-esmalte-epoxico-aluminio-333441__sec03__chunk01,sika__fds-26-esmalte-epoxico-aluminio-333441,SIKA,Esmalte Epóxico Aluminio,FDS 26 - Esmalte Epóxico Aluminio 333441.pdf,3,2,2,1,1,166,"table,text",1,0,1330
sika__fds-26-esmalte-epoxico-aluminio-333441__sec04__chunk01,sika__fds-26-esmalte-epoxico-aluminio-333441,SIKA,Esmalte Epóxico Aluminio,FDS 26 - Esmalte Epóxico Aluminio 333441.pdf,4,2,3,1,1,196,text,0,0,1309
sika__fds-26-esmalte-epoxico-aluminio-333441__sec05__chunk01,sika__fds-26-esmalte-epoxico-aluminio-333441,SIKA,Esmalte Epóxico Aluminio,FDS 26 - Esmalte Epóxico Aluminio 333441.pdf,5,3,3,1,1,98,text,0,0,688
sika__fds-26-esmalte-epoxico-aluminio-333441__sec06__chunk01,sika__fds-26-esmalte-epoxico-aluminio-333441,SIKA,Esmalte Epóxico Aluminio,FDS 26 - Esmalte Epóxico Aluminio 333441.pdf,6,3,4,1,1,317,text,0,0,2114
sika__fds-26-esmalte-epoxico-aluminio-333441__sec07__chunk01,sika__fds-26-esmalte-epoxico-aluminio-333441,SIKA,Esmalte Epóxico Aluminio,FDS 26 - Esmalte Epóxico Aluminio 333441.pdf,7,4,5,1,1,338,text,0,0,2299
sika__fds-26-esmalte-epoxico-aluminio-333441__sec08__chunk01,sika__fds-26-esmalte-epoxico-aluminio-333441,SIKA,Esmalte Epóxico Aluminio,FDS 26 - Esmalte Epóxico Aluminio 333441.pdf,8,5,6,1,1,745,"table,text",1,0,5086
sika__fds-26-esmalte-epoxico-aluminio-333441__sec09__chunk01,sika__fds-26-esmalte-epoxico-aluminio-333441,SIKA,Esmalte Epóxico Aluminio,FDS 26 - Esmalte Epóxico Aluminio 333441.pdf,9,6,7,1,1,185,text,0,0,1369
sika__fds-26-esmalte-epoxico-aluminio-333441__sec10__chunk01,sika__fds-26-esmalte-epoxico-aluminio-333441,SIKA,Esmalte Epóxico Aluminio,FDS 26 - Esmalte Epóxico Aluminio 333441.pdf,10,7,7,1,1,121,text,0,0,878
sika__fds-26-esmalte-epoxico-aluminio-333441__sec11__chunk01,sika__fds-26-esmalte-epoxico-aluminio-333441,SIKA,Esmalte Epóxico Aluminio,FDS 26 - Esmalte Epóxico Aluminio 333441.pdf,11,7,7,1,1,73,"table,text",1,0,751
sika__fds-26-esmalte-epoxico-aluminio-333441__sec12__chunk01,sika__fds-26-esmalte-epoxico-aluminio-333441,SIKA,Esmalte Epóxico Aluminio,FDS 26 - Esmalte Epóxico Aluminio 333441.pdf,12,7,8,1,1,123,"table,text",1,0,1071
sika__fds-26-esmalte-epoxico-aluminio-333441__sec13__chunk01,sika__fds-26-esmalte-epoxico-aluminio-333441,SIKA,Esmalte Epóxico Aluminio,FDS 26 - Esmalte Epóxico Aluminio 333441.pdf,13,8,8,1,1,139,text,0,0,948
sika__fds-26-esmalte-epoxico-aluminio-333441__sec14__chunk01,sika__fds-26-esmalte-epoxico-aluminio-333441,SIKA,Esmalte Epóxico Aluminio,FDS 26 - Esmalte Epóxico Aluminio 333441.pdf,14,8,9,1,1,294,"image,ocr,table,text",1,3,3242
sika__fds-26-esmalte-epoxico-aluminio-333441__sec15__chunk01,sika__fds-26-esmalte-epoxico-aluminio-333441,SIKA,Esmalte Epóxico Aluminio,FDS 26 - Esmalte Epóxico Aluminio 333441.pdf,15,9,9,1,1,177,text,0,0,1231
sika__fds-26-esmalte-epoxico-aluminio-333441__sec16__chunk01,sika__fds-26-esmalte-epoxico-aluminio-333441,SIKA,Esmalte Epóxico Aluminio,FDS 26 - Esmalte Epóxico Aluminio 333441.pdf,16,9,9,1,1,167,"image,ocr,text",0,1,1395
sika__fds-27-epoxi-100hs-s300-ca__sec01__chunk01,sika__fds-27-epoxi-100hs-s300-ca,SIKA,Sika® Epoxi 100HS Serie 300 Comp. A,FDS 27 - Epoxi_100HS_S300_CA.pdf,1,1,1,1,1,171,"image,ocr,text",0,1,1375
sika__fds-27-epoxi-100hs-s300-ca__sec02__chunk01,sika__fds-27-epoxi-100hs-s300-ca,SIKA,Sika® Epoxi 100HS Serie 300 Comp. A,FDS 27 - Epoxi_100HS_S300_CA.pdf,2,1,2,1,1,336,"image,ocr,text",0,1,2470
sika__fds-27-epoxi-100hs-s300-ca__sec03__chunk01,sika__fds-27-epoxi-100hs-s300-ca,SIKA,Sika® Epoxi 100HS Serie 300 Comp. A,FDS 27 - Epoxi_100HS_S300_CA.pdf,3,2,3,1,1,167,"table,text",1,0,1311
sika__fds-27-epoxi-100hs-s300-ca__sec04__chunk01,sika__fds-27-epoxi-100hs-s300-ca,SIKA,Sika® Epoxi 100HS Serie 300 Comp. A,FDS 27 - Epoxi_100HS_S300_CA.pdf,4,3,3,1,1,192,text,0,0,1266
sika__fds-27-epoxi-100hs-s300-ca__sec05__chunk01,sika__fds-27-epoxi-100hs-s300-ca,SIKA,Sika® Epoxi 100HS Serie 300 Comp. A,FDS 27 - Epoxi_100HS_S300_CA.pdf,5,3,4,1,1,131,text,0,0,887
sika__fds-27-epoxi-100hs-s300-ca__sec06__chunk01,sika__fds-27-epoxi-100hs-s300-ca,SIKA,Sika® Epoxi 100HS Serie 300 Comp. A,FDS 27 - Epoxi_100HS_S300_CA.pdf,6,4,4,1,1,97,text,0,0,708
sika__fds-27-epoxi-100hs-s300-ca__sec07__chunk01,sika__fds-27-epoxi-100hs-s300-ca,SIKA,Sika® Epoxi 100HS Serie 300 Comp. A,FDS 27 - Epoxi_100HS_S300_CA.pdf,7,4,4,1,1,155,text,0,0,1068
sika__fds-27-epoxi-100hs-s300-ca__sec08__chunk01,sika__fds-27-epoxi-100hs-s300-ca,SIKA,Sika® Epoxi 100HS Serie 300 Comp. A,FDS 27 - Epoxi_100HS_S300_CA.pdf,8,4,5,1,1,221,text,0,0,1551
sika__fds-27-epoxi-100hs-s300-ca__sec09__chunk01,sika__fds-27-epoxi-100hs-s300-ca,SIKA,Sika® Epoxi 100HS Serie 300 Comp. A,FDS 27 - Epoxi_100HS_S300_CA.pdf,9,5,5,1,1,143,text,0,0,1084
sika__fds-27-epoxi-100hs-s300-ca__sec10__chunk01,sika__fds-27-epoxi-100hs-s300-ca,SIKA,Sika® Epoxi 100HS Serie 300 Comp. A,FDS 27 - Epoxi_100HS_S300_CA.pdf,10,5,6,1,1,85,text,0,0,647
sika__fds-27-epoxi-100hs-s300-ca__sec11__chunk01,sika__fds-27-epoxi-100hs-s300-ca,SIKA,Sika® Epoxi 100HS Serie 300 Comp. A,FDS 27 - Epoxi_100HS_S300_CA.pdf,11,6,6,1,1,68,text,0,0,498
sika__fds-27-epoxi-100hs-s300-ca__sec12__chunk01,sika__fds-27-epoxi-100hs-s300-ca,SIKA,Sika® Epoxi 100HS Serie 300 Comp. A,FDS 27 - Epoxi_100HS_S300_CA.pdf,12,6,6,1,1,106,text,0,0,779
sika__fds-27-epoxi-100hs-s300-ca__sec13__chunk01,sika__fds-27-epoxi-100hs-s300-ca,SIKA,Sika® Epoxi 100HS Serie 300 Comp. A,FDS 27 - Epoxi_100HS_S300_CA.pdf,13,6,7,1,1,106,text,0,0,711
sika__fds-27-epoxi-100hs-s300-ca__sec14__chunk01,sika__fds-27-epoxi-100hs-s300-ca,SIKA,Sika® Epoxi 100HS Serie 300 Comp. A,FDS 27 - Epoxi_100HS_S300_CA.pdf,14,7,7,1,1,326,"image,ocr,table,text",1,3,3410
sika__fds-27-epoxi-100hs-s300-ca__sec15__chunk01,sika__fds-27-epoxi-100hs-s300-ca,SIKA,Sika® Epoxi 100HS Serie 300 Comp. A,FDS 27 - Epoxi_100HS_S300_CA.pdf,15,7,8,1,1,159,text,0,0,1116
sika__fds-27-epoxi-100hs-s300-ca__sec16__chunk01,sika__fds-27-epoxi-100hs-s300-ca,SIKA,Sika® Epoxi 100HS Serie 300 Comp. A,FDS 27 - Epoxi_100HS_S300_CA.pdf,16,8,8,1,1,164,"image,ocr,text",0,1,1334
sika__fds-28-401-pintura-texturizada1__sec01__chunk01,sika__fds-28-401-pintura-texturizada1,SIKA,SikaWall®-401 Pintura Texturizada,FDS 28- 401 Pintura Texturizada1.pdf,1,1,1,1,1,165,"image,ocr,text",0,1,1403
sika__fds-28-401-pintura-texturizada1__sec02__chunk01,sika__fds-28-401-pintura-texturizada1,SIKA,SikaWall®-401 Pintura Texturizada,FDS 28- 401 Pintura Texturizada1.pdf,2,1,2,1,1,191,"image,ocr,text",0,1,1579
sika__fds-28-401-pintura-texturizada1__sec03__chunk01,sika__fds-28-401-pintura-texturizada1,SIKA,SikaWall®-401 Pintura Texturizada,FDS 28- 401 Pintura Texturizada1.pdf,3,2,2,1,1,173,"table,text",1,0,1471
sika__fds-28-401-pintura-texturizada1__sec04__chunk01,sika__fds-28-401-pintura-texturizada1,SIKA,SikaWall®-401 Pintura Texturizada,FDS 28- 401 Pintura Texturizada1.pdf,4,2,3,1,1,148,text,0,0,980
sika__fds-28-401-pintura-texturizada1__sec05__chunk01,sika__fds-28-401-pintura-texturizada1,SIKA,SikaWall®-401 Pintura Texturizada,FDS 28- 401 Pintura Texturizada1.pdf,5,3,3,1,1,76,text,0,0,530
sika__fds-28-401-pintura-texturizada1__sec06__chunk01,sika__fds-28-401-pintura-texturizada1,SIKA,SikaWall®-401 Pintura Texturizada,FDS 28- 401 Pintura Texturizada1.pdf,6,3,3,1,1,173,text,0,0,1192
sika__fds-28-401-pintura-texturizada1__sec07__chunk01,sika__fds-28-401-pintura-texturizada1,SIKA,SikaWall®-401 Pintura Texturizada,FDS 28- 401 Pintura Texturizada1.pdf,7,3,4,1,1,129,text,0,0,871
sika__fds-28-401-pintura-texturizada1__sec08__chunk01,sika__fds-28-401-pintura-texturizada1,SIKA,SikaWall®-401 Pintura Texturizada,FDS 28- 401 Pintura Texturizada1.pdf,8,4,4,1,1,365,"table,text",1,0,2798
sika__fds-28-401-pintura-texturizada1__sec09__chunk01,sika__fds-28-401-pintura-texturizada1,SIKA,SikaWall®-401 Pintura Texturizada,FDS 28- 401 Pintura Texturizada1.pdf,9,4,5,1,1,149,text,0,0,1141
sika__fds-28-401-pintura-texturizada1__sec10__chunk01,sika__fds-28-401-pintura-texturizada1,SIKA,SikaWall®-401 Pintura Texturizada,FDS 28- 401 Pintura Texturizada1.pdf,10,5,5,1,1,86,text,0,0,653
sika__fds-28-401-pintura-texturizada1__sec11__chunk01,sika__fds-28-401-pintura-texturizada1,SIKA,SikaWall®-401 Pintura Texturizada,FDS 28- 401 Pintura Texturizada1.pdf,11,5,6,1,1,21,text,0,0,172
sika__fds-28-401-pintura-texturizada1__sec12__chunk01,sika__fds-28-401-pintura-texturizada1,SIKA,SikaWall®-401 Pintura Texturizada,FDS 28- 401 Pintura Texturizada1.pdf,12,6,6,1,1,115,text,0,0,962
sika__fds-28-401-pintura-texturizada1__sec13__chunk01,sika__fds-28-401-pintura-texturizada1,SIKA,SikaWall®-401 Pintura Texturizada,FDS 28- 401 Pintura Texturizada1.pdf,13,6,7,1,1,150,text,0,0,1025
sika__fds-28-401-pintura-texturizada1__sec14__chunk01,sika__fds-28-401-pintura-texturizada1,SIKA,SikaWall®-401 Pintura Texturizada,FDS 28- 401 Pintura Texturizada1.pdf,14,7,7,1,1,157,"table,text",1,0,1256
sika__fds-28-401-pintura-texturizada1__sec15__chunk01,sika__fds-28-401-pintura-texturizada1,SIKA,SikaWall®-401 Pintura Texturizada,FDS 28- 401 Pintura Texturizada1.pdf,15,7,7,1,1,175,text,0,0,1219
sika__fds-28-401-pintura-texturizada1__sec16__chunk01,sika__fds-28-401-pintura-texturizada1,SIKA,SikaWall®-401 Pintura Texturizada,FDS 28- 401 Pintura Texturizada1.pdf,16,7,8,1,1,165,"image,ocr,text",0,1,1359
sika__fds-36-esmalte-uretano-ar-sika__sec01__chunk01,sika__fds-36-esmalte-uretano-ar-sika,SIKA,Esmalte Uretano AR Comp. A,FDS 36 - Esmalte_Uretano_AR - SIKA.pdf,1,1,1,1,1,162,"image,ocr,text",0,1,1348
sika__fds-36-esmalte-uretano-ar-sika__sec02__chunk01,sika__fds-36-esmalte-uretano-ar-sika,SIKA,Esmalte Uretano AR Comp. A,FDS 36 - Esmalte_Uretano_AR - SIKA.pdf,2,1,3,1,1,609,"image,ocr,text",0,3,4849
sika__fds-36-esmalte-uretano-ar-sika__sec03__chunk01,sika__fds-36-esmalte-uretano-ar-sika,SIKA,Esmalte Uretano AR Comp. A,FDS 36 - Esmalte_Uretano_AR - SIKA.pdf,3,3,3,1,1,191,"table,text",1,0,1537
sika__fds-36-esmalte-uretano-ar-sika__sec04__chunk01,sika__fds-36-esmalte-uretano-ar-sika,SIKA,Esmalte Uretano AR Comp. A,FDS 36 - Esmalte_Uretano_AR - SIKA.pdf,4,3,4,1,1,227,text,0,0,1500
sika__fds-36-esmalte-uretano-ar-sika__sec05__chunk01,sika__fds-36-esmalte-uretano-ar-sika,SIKA,Esmalte Uretano AR Comp. A,FDS 36 - Esmalte_Uretano_AR - SIKA.pdf,5,4,4,1,1,252,text,0,0,1666
sika__fds-36-esmalte-uretano-ar-sika__sec06__chunk01,sika__fds-36-esmalte-uretano-ar-sika,SIKA,Esmalte Uretano AR Comp. A,FDS 36 - Esmalte_Uretano_AR - SIKA.pdf,6,4,5,1,1,316,text,0,0,2115
sika__fds-36-esmalte-uretano-ar-sika__sec07__chunk01,sika__fds-36-esmalte-uretano-ar-sika,SIKA,Esmalte Uretano AR Comp. A,FDS 36 - Esmalte_Uretano_AR - SIKA.pdf,7,5,6,1,1,260,text,0,0,1830
sika__fds-36-esmalte-uretano-ar-sika__sec08__chunk01,sika__fds-36-esmalte-uretano-ar-sika,SIKA,Esmalte Uretano AR Comp. A,FDS 36 - Esmalte_Uretano_AR - SIKA.pdf,8,6,7,1,1,714,"table,text",1,0,4921
sika__fds-36-esmalte-uretano-ar-sika__sec09__chunk01,sika__fds-36-esmalte-uretano-ar-sika,SIKA,Esmalte Uretano AR Comp. A,FDS 36 - Esmalte_Uretano_AR - SIKA.pdf,9,7,8,1,1,160,text,0,0,1174
sika__fds-36-esmalte-uretano-ar-sika__sec10__chunk01,sika__fds-36-esmalte-uretano-ar-sika,SIKA,Esmalte Uretano AR Comp. A,FDS 36 - Esmalte_Uretano_AR - SIKA.pdf,10,8,8,1,1,98,text,0,0,714
sika__fds-36-esmalte-uretano-ar-sika__sec11__chunk01,sika__fds-36-esmalte-uretano-ar-sika,SIKA,Esmalte Uretano AR Comp. A,FDS 36 - Esmalte_Uretano_AR - SIKA.pdf,11,8,8,1,1,132,text,0,0,913
sika__fds-36-esmalte-uretano-ar-sika__sec12__chunk01,sika__fds-36-esmalte-uretano-ar-sika,SIKA,Esmalte Uretano AR Comp. A,FDS 36 - Esmalte_Uretano_AR - SIKA.pdf,12,8,9,1,1,206,text,0,0,1426
sika__fds-36-esmalte-uretano-ar-sika__sec13__chunk01,sika__fds-36-esmalte-uretano-ar-sika,SIKA,Esmalte Uretano AR Comp. A,FDS 36 - Esmalte_Uretano_AR - SIKA.pdf,13,9,10,1,1,149,text,0,0,987
sika__fds-36-esmalte-uretano-ar-sika__sec14__chunk01,sika__fds-36-esmalte-uretano-ar-sika,SIKA,Esmalte Uretano AR Comp. A,FDS 36 - Esmalte_Uretano_AR - SIKA.pdf,14,10,10,1,1,289,"image,ocr,table,text",1,3,3110
sika__fds-36-esmalte-uretano-ar-sika__sec15__chunk01,sika__fds-36-esmalte-uretano-ar-sika,SIKA,Esmalte Uretano AR Comp. A,FDS 36 - Esmalte_Uretano_AR - SIKA.pdf,15,10,11,1,1,176,text,0,0,1226
sika__fds-36-esmalte-uretano-ar-sika__sec16__chunk01,sika__fds-36-esmalte-uretano-ar-sika,SIKA,Esmalte Uretano AR Comp. A,FDS 36 - Esmalte_Uretano_AR - SIKA.pdf,16,11,11,1,1,166,"image,ocr,text",0,1,1357
sika__fds-69-esmalte-uretano-part-a-sika__sec01__chunk01,sika__fds-69-esmalte-uretano-part-a-sika,SIKA,Esmalte Uretano Part A,FDS 69 - Esmalte Uretano Part A - SIKA.pdf,1,1,1,1,1,144,"image,ocr,text",0,1,1238
sika__fds-69-esmalte-uretano-part-a-sika__sec02__chunk01,sika__fds-69-esmalte-uretano-part-a-sika,SIKA,Esmalte Uretano Part A,FDS 69 - Esmalte Uretano Part A - SIKA.pdf,2,1,3,1,1,770,"image,ocr,text",0,5,6419
sika__fds-69-esmalte-uretano-part-a-sika__sec03__chunk01,sika__fds-69-esmalte-uretano-part-a-sika,SIKA,Esmalte Uretano Part A,FDS 69 - Esmalte Uretano Part A - SIKA.pdf,3,3,3,1,1,325,"table,text",1,0,3633
sika__fds-69-esmalte-uretano-part-a-sika__sec04__chunk01,sika__fds-69-esmalte-uretano-part-a-sika,SIKA,Esmalte Uretano Part A,FDS 69 - Esmalte Uretano Part A - SIKA.pdf,4,3,4,1,1,325,"image,ocr,text",0,1,2353
sika__fds-69-esmalte-uretano-part-a-sika__sec05__chunk01,sika__fds-69-esmalte-uretano-part-a-sika,SIKA,Esmalte Uretano Part A,FDS 69 - Esmalte Uretano Part A - SIKA.pdf,5,4,5,1,1,171,"image,ocr,text",0,1,1388
sika__fds-69-esmalte-uretano-part-a-sika__sec06__chunk01,sika__fds-69-esmalte-uretano-part-a-sika,SIKA,Esmalte Uretano Part A,FDS 69 - Esmalte Uretano Part A - SIKA.pdf,6,5,5,1,1,123,text,0,0,811
sika__fds-69-esmalte-uretano-part-a-sika__sec07__chunk01,sika__fds-69-esmalte-uretano-part-a-sika,SIKA,Esmalte Uretano Part A,FDS 69 - Esmalte Uretano Part A - SIKA.pdf,7,5,6,1,1,310,"image,ocr,text",0,1,2332
sika__fds-69-esmalte-uretano-part-a-sika__sec08__chunk01,sika__fds-69-esmalte-uretano-part-a-sika,SIKA,Esmalte Uretano Part A,FDS 69 - Esmalte Uretano Part A - SIKA.pdf,8,6,7,1,1,572,"image,ocr,table,text",2,1,5358
sika__fds-69-esmalte-uretano-part-a-sika__sec09__chunk01,sika__fds-69-esmalte-uretano-part-a-sika,SIKA,Esmalte Uretano Part A,FDS 69 - Esmalte Uretano Part A - SIKA.pdf,9,7,8,1,1,243,"image,ocr,text",0,1,1877
sika__fds-69-esmalte-uretano-part-a-sika__sec10__chunk01,sika__fds-69-esmalte-uretano-part-a-sika,SIKA,Esmalte Uretano Part A,FDS 69 - Esmalte Uretano Part A - SIKA.pdf,10,8,8,1,1,75,text,0,0,517
sika__fds-69-esmalte-uretano-part-a-sika__sec11__chunk01,sika__fds-69-esmalte-uretano-part-a-sika,SIKA,Esmalte Uretano Part A,FDS 69 - Esmalte Uretano Part A - SIKA.pdf,11,8,10,1,1,436,"image,ocr,text",0,2,3491
sika__fds-69-esmalte-uretano-part-a-sika__sec12__chunk01,sika__fds-69-esmalte-uretano-part-a-sika,SIKA,Esmalte Uretano Part A,FDS 69 - Esmalte Uretano Part A - SIKA.pdf,12,10,11,1,1,312,"image,ocr,text",0,1,2366
sika__fds-69-esmalte-uretano-part-a-sika__sec13__chunk01,sika__fds-69-esmalte-uretano-part-a-sika,SIKA,Esmalte Uretano Part A,FDS 69 - Esmalte Uretano Part A - SIKA.pdf,13,11,11,1,1,92,text,0,0,576
sika__fds-69-esmalte-uretano-part-a-sika__sec14__chunk01,sika__fds-69-esmalte-uretano-part-a-sika,SIKA,Esmalte Uretano Part A,FDS 69 - Esmalte Uretano Part A - SIKA.pdf,14,11,12,1,1,255,"image,ocr,text",0,1,1898
sika__fds-69-esmalte-uretano-part-a-sika__sec15__chunk01,sika__fds-69-esmalte-uretano-part-a-sika,SIKA,Esmalte Uretano Part A,FDS 69 - Esmalte Uretano Part A - SIKA.pdf,15,12,12,1,1,136,text,0,0,907
sika__fds-69-esmalte-uretano-part-a-sika__sec16__chunk01,sika__fds-69-esmalte-uretano-part-a-sika,SIKA,Esmalte Uretano Part A,FDS 69 - Esmalte Uretano Part A - SIKA.pdf,16,12,13,1,1,512,"image,ocr,text",0,3,4111
sika__fds-70-esmalte-uretano-part-b-sika__sec01__chunk01,sika__fds-70-esmalte-uretano-part-b-sika,SIKA,Esmalte Uretano Part B,FDS 70 - Esmalte Uretano Part B - SIKA.pdf,1,1,1,1,1,146,"image,ocr,text",0,1,1259
sika__fds-70-esmalte-uretano-part-b-sika__sec02__chunk01,sika__fds-70-esmalte-uretano-part-b-sika,SIKA,Esmalte Uretano Part B,FDS 70 - Esmalte Uretano Part B - SIKA.pdf,2,1,3,1,1,822,"image,ocr,text",0,5,6755
sika__fds-70-esmalte-uretano-part-b-sika__sec03__chunk01,sika__fds-70-esmalte-uretano-part-b-sika,SIKA,Esmalte Uretano Part B,FDS 70 - Esmalte Uretano Part B - SIKA.pdf,3,3,3,1,1,162,"table,text",1,0,1332
sika__fds-70-esmalte-uretano-part-b-sika__sec04__chunk01,sika__fds-70-esmalte-uretano-part-b-sika,SIKA,Esmalte Uretano Part B,FDS 70 - Esmalte Uretano Part B - SIKA.pdf,4,3,4,1,1,361,"image,ocr,text",0,1,2624
sika__fds-70-esmalte-uretano-part-b-sika__sec05__chunk01,sika__fds-70-esmalte-uretano-part-b-sika,SIKA,Esmalte Uretano Part B,FDS 70 - Esmalte Uretano Part B - SIKA.pdf,5,4,5,1,1,142,"image,ocr,text",0,1,1221
sika__fds-70-esmalte-uretano-part-b-sika__sec06__chunk01,sika__fds-70-esmalte-uretano-part-b-sika,SIKA,Esmalte Uretano Part B,FDS 70 - Esmalte Uretano Part B - SIKA.pdf,6,5,5,1,1,123,text,0,0,811
sika__fds-70-esmalte-uretano-part-b-sika__sec07__chunk01,sika__fds-70-esmalte-uretano-part-b-sika,SIKA,Esmalte Uretano Part B,FDS 70 - Esmalte Uretano Part B - SIKA.pdf,7,5,6,1,1,331,"image,ocr,text",0,1,2466
sika__fds-70-esmalte-uretano-part-b-sika__sec08__chunk01,sika__fds-70-esmalte-uretano-part-b-sika,SIKA,Esmalte Uretano Part B,FDS 70 - Esmalte Uretano Part B - SIKA.pdf,8,6,7,1,1,584,"image,ocr,table,text",2,1,5415
sika__fds-70-esmalte-uretano-part-b-sika__sec09__chunk01,sika__fds-70-esmalte-uretano-part-b-sika,SIKA,Esmalte Uretano Part B,FDS 70 - Esmalte Uretano Part B - SIKA.pdf,9,7,8,1,1,248,"image,ocr,text",0,1,1920
sika__fds-70-esmalte-uretano-part-b-sika__sec10__chunk01,sika__fds-70-esmalte-uretano-part-b-sika,SIKA,Esmalte Uretano Part B,FDS 70 - Esmalte Uretano Part B - SIKA.pdf,10,8,8,1,1,75,text,0,0,517
sika__fds-70-esmalte-uretano-part-b-sika__sec11__chunk01,sika__fds-70-esmalte-uretano-part-b-sika,SIKA,Esmalte Uretano Part B,FDS 70 - Esmalte Uretano Part B - SIKA.pdf,11,8,10,1,1,418,"image,ocr,text",0,2,3412
sika__fds-70-esmalte-uretano-part-b-sika__sec12__chunk01,sika__fds-70-esmalte-uretano-part-b-sika,SIKA,Esmalte Uretano Part B,FDS 70 - Esmalte Uretano Part B - SIKA.pdf,12,10,10,1,1,116,text,0,0,816
sika__fds-70-esmalte-uretano-part-b-sika__sec13__chunk01,sika__fds-70-esmalte-uretano-part-b-sika,SIKA,Esmalte Uretano Part B,FDS 70 - Esmalte Uretano Part B - SIKA.pdf,13,10,10,1,1,92,text,0,0,576
sika__fds-70-esmalte-uretano-part-b-sika__sec14__chunk01,sika__fds-70-esmalte-uretano-part-b-sika,SIKA,Esmalte Uretano Part B,FDS 70 - Esmalte Uretano Part B - SIKA.pdf,14,10,11,1,1,262,"image,ocr,text",0,1,1962
sika__fds-70-esmalte-uretano-part-b-sika__sec15__chunk01,sika__fds-70-esmalte-uretano-part-b-sika,SIKA,Esmalte Uretano Part B,FDS 70 - Esmalte Uretano Part B - SIKA.pdf,15,11,12,1,1,186,"image,ocr,text",0,1,1518
sika__fds-70-esmalte-uretano-part-b-sika__sec16__chunk01,sika__fds-70-esmalte-uretano-part-b-sika,SIKA,Esmalte Uretano Part B,FDS 70 - Esmalte Uretano Part B - SIKA.pdf,16,12,13,1,1,512,"image,ocr,text",0,3,4112
sika__fds-71-sikafloor-2430-part-a-sika__sec01__chunk01,sika__fds-71-sikafloor-2430-part-a-sika,SIKA,Sikafloor®-2430 Part A,FDS 71 -  Sikafloor®-2430  Part A - SIKA.pdf,1,1,1,1,1,142,"image,ocr,text",0,1,1235
sika__fds-71-sikafloor-2430-part-a-sika__sec02__chunk01,sika__fds-71-sikafloor-2430-part-a-sika,SIKA,Sikafloor®-2430 Part A,FDS 71 -  Sikafloor®-2430  Part A - SIKA.pdf,2,1,3,1,1,730,"image,ocr,text",0,6,6492
sika__fds-71-sikafloor-2430-part-a-sika__sec03__chunk01,sika__fds-71-sikafloor-2430-part-a-sika,SIKA,Sikafloor®-2430 Part A,FDS 71 -  Sikafloor®-2430  Part A - SIKA.pdf,3,3,3,1,1,189,"table,text",1,0,1433
sika__fds-71-sikafloor-2430-part-a-sika__sec04__chunk01,sika__fds-71-sikafloor-2430-part-a-sika,SIKA,Sikafloor®-2430 Part A,FDS 71 -  Sikafloor®-2430  Part A - SIKA.pdf,4,3,4,1,1,318,"image,ocr,text",0,1,2303
sika__fds-71-sikafloor-2430-part-a-sika__sec05__chunk01,sika__fds-71-sikafloor-2430-part-a-sika,SIKA,Sikafloor®-2430 Part A,FDS 71 -  Sikafloor®-2430  Part A - SIKA.pdf,5,4,4,1,1,115,text,0,0,735
sika__fds-71-sikafloor-2430-part-a-sika__sec06__chunk01,sika__fds-71-sikafloor-2430-part-a-sika,SIKA,Sikafloor®-2430 Part A,FDS 71 -  Sikafloor®-2430  Part A - SIKA.pdf,6,4,5,1,1,177,"image,ocr,text",0,1,1464
sika__fds-71-sikafloor-2430-part-a-sika__sec07__chunk01,sika__fds-71-sikafloor-2430-part-a-sika,SIKA,Sikafloor®-2430 Part A,FDS 71 -  Sikafloor®-2430  Part A - SIKA.pdf,7,5,5,1,1,254,text,0,0,1678
sika__fds-71-sikafloor-2430-part-a-sika__sec08__chunk01,sika__fds-71-sikafloor-2430-part-a-sika,SIKA,Sikafloor®-2430 Part A,FDS 71 -  Sikafloor®-2430  Part A - SIKA.pdf,8,5,7,1,1,794,"image,ocr,table,text",3,2,7745
sika__fds-71-sikafloor-2430-part-a-sika__sec09__chunk01,sika__fds-71-sikafloor-2430-part-a-sika,SIKA,Sikafloor®-2430 Part A,FDS 71 -  Sikafloor®-2430  Part A - SIKA.pdf,9,7,8,1,1,253,"image,ocr,text",0,1,1929
sika__fds-71-sikafloor-2430-part-a-sika__sec10__chunk01,sika__fds-71-sikafloor-2430-part-a-sika,SIKA,Sikafloor®-2430 Part A,FDS 71 -  Sikafloor®-2430  Part A - SIKA.pdf,10,8,9,1,1,129,"image,ocr,text",0,1,1172
sika__fds-71-sikafloor-2430-part-a-sika__sec11__chunk01,sika__fds-71-sikafloor-2430-part-a-sika,SIKA,Sikafloor®-2430 Part A,FDS 71 -  Sikafloor®-2430  Part A - SIKA.pdf,11,9,10,1,1,240,"image,ocr,text",0,1,1943
sika__fds-71-sikafloor-2430-part-a-sika__sec12__chunk01,sika__fds-71-sikafloor-2430-part-a-sika,SIKA,Sikafloor®-2430 Part A,FDS 71 -  Sikafloor®-2430  Part A - SIKA.pdf,12,10,10,1,1,93,text,0,0,666
sika__fds-71-sikafloor-2430-part-a-sika__sec13__chunk01,sika__fds-71-sikafloor-2430-part-a-sika,SIKA,Sikafloor®-2430 Part A,FDS 71 -  Sikafloor®-2430  Part A - SIKA.pdf,13,10,10,1,1,91,text,0,0,578
sika__fds-71-sikafloor-2430-part-a-sika__sec14__chunk01,sika__fds-71-sikafloor-2430-part-a-sika,SIKA,Sikafloor®-2430 Part A,FDS 71 -  Sikafloor®-2430  Part A - SIKA.pdf,14,10,11,1,1,260,"image,ocr,text",0,1,1932
sika__fds-71-sikafloor-2430-part-a-sika__sec15__chunk01,sika__fds-71-sikafloor-2430-part-a-sika,SIKA,Sikafloor®-2430 Part A,FDS 71 -  Sikafloor®-2430  Part A - SIKA.pdf,15,11,12,1,1,184,"image,ocr,text",0,1,1524
sika__fds-71-sikafloor-2430-part-a-sika__sec16__chunk01,sika__fds-71-sikafloor-2430-part-a-sika,SIKA,Sikafloor®-2430 Part A,FDS 71 -  Sikafloor®-2430  Part A - SIKA.pdf,16,12,13,1,1,511,"image,ocr,text",0,3,4102
sika__fds-72-sikafloor-2430-co-comp-b-sika__sec01__chunk01,sika__fds-72-sikafloor-2430-co-comp-b-sika,SIKA,Sikafloor®-2430 Part B,FDS 72 - Sikafloor®-2430 CO Comp.B - SIKA.pdf,1,1,1,1,1,140,"image,ocr,text",0,1,1237
sika__fds-72-sikafloor-2430-co-comp-b-sika__sec02__chunk01,sika__fds-72-sikafloor-2430-co-comp-b-sika,SIKA,Sikafloor®-2430 Part B,FDS 72 - Sikafloor®-2430 CO Comp.B - SIKA.pdf,2,1,3,1,1,799,"image,ocr,text",0,6,6976
sika__fds-72-sikafloor-2430-co-comp-b-sika__sec03__chunk01,sika__fds-72-sikafloor-2430-co-comp-b-sika,SIKA,Sikafloor®-2430 Part B,FDS 72 - Sikafloor®-2430 CO Comp.B - SIKA.pdf,3,3,3,1,1,130,"table,text",1,0,1065
sika__fds-72-sikafloor-2430-co-comp-b-sika__sec04__chunk01,sika__fds-72-sikafloor-2430-co-comp-b-sika,SIKA,Sikafloor®-2430 Part B,FDS 72 - Sikafloor®-2430 CO Comp.B - SIKA.pdf,4,3,4,1,1,326,"image,ocr,text",0,1,2344
sika__fds-72-sikafloor-2430-co-comp-b-sika__sec05__chunk01,sika__fds-72-sikafloor-2430-co-comp-b-sika,SIKA,Sikafloor®-2430 Part B,FDS 72 - Sikafloor®-2430 CO Comp.B - SIKA.pdf,5,4,4,1,1,115,text,0,0,736
sika__fds-72-sikafloor-2430-co-comp-b-sika__sec06__chunk01,sika__fds-72-sikafloor-2430-co-comp-b-sika,SIKA,Sikafloor®-2430 Part B,FDS 72 - Sikafloor®-2430 CO Comp.B - SIKA.pdf,6,4,5,1,1,177,"image,ocr,text",0,1,1478
sika__fds-72-sikafloor-2430-co-comp-b-sika__sec07__chunk01,sika__fds-72-sikafloor-2430-co-comp-b-sika,SIKA,Sikafloor®-2430 Part B,FDS 72 - Sikafloor®-2430 CO Comp.B - SIKA.pdf,7,5,5,1,1,233,text,0,0,1529
sika__fds-72-sikafloor-2430-co-comp-b-sika__sec08__chunk01,sika__fds-72-sikafloor-2430-co-comp-b-sika,SIKA,Sikafloor®-2430 Part B,FDS 72 - Sikafloor®-2430 CO Comp.B - SIKA.pdf,8,5,7,1,1,587,"image,ocr,table,text",2,2,5470
sika__fds-72-sikafloor-2430-co-comp-b-sika__sec09__chunk01,sika__fds-72-sikafloor-2430-co-comp-b-sika,SIKA,Sikafloor®-2430 Part B,FDS 72 - Sikafloor®-2430 CO Comp.B - SIKA.pdf,9,7,8,1,1,248,"image,ocr,text",0,1,1908
sika__fds-72-sikafloor-2430-co-comp-b-sika__sec10__chunk01,sika__fds-72-sikafloor-2430-co-comp-b-sika,SIKA,Sikafloor®-2430 Part B,FDS 72 - Sikafloor®-2430 CO Comp.B - SIKA.pdf,10,8,8,1,1,74,text,0,0,520
sika__fds-72-sikafloor-2430-co-comp-b-sika__sec11__chunk01,sika__fds-72-sikafloor-2430-co-comp-b-sika,SIKA,Sikafloor®-2430 Part B,FDS 72 - Sikafloor®-2430 CO Comp.B - SIKA.pdf,11,8,9,1,1,235,"image,ocr,text",0,1,1902
sika__fds-72-sikafloor-2430-co-comp-b-sika__sec12__chunk01,sika__fds-72-sikafloor-2430-co-comp-b-sika,SIKA,Sikafloor®-2430 Part B,FDS 72 - Sikafloor®-2430 CO Comp.B - SIKA.pdf,12,9,9,1,1,114,text,0,0,799
sika__fds-72-sikafloor-2430-co-comp-b-sika__sec13__chunk01,sika__fds-72-sikafloor-2430-co-comp-b-sika,SIKA,Sikafloor®-2430 Part B,FDS 72 - Sikafloor®-2430 CO Comp.B - SIKA.pdf,13,9,10,1,1,146,"image,ocr,text",0,1,1245
sika__fds-72-sikafloor-2430-co-comp-b-sika__sec14__chunk01,sika__fds-72-sikafloor-2430-co-comp-b-sika,SIKA,Sikafloor®-2430 Part B,FDS 72 - Sikafloor®-2430 CO Comp.B - SIKA.pdf,14,10,10,1,1,199,text,0,0,1249
sika__fds-72-sikafloor-2430-co-comp-b-sika__sec15__chunk01,sika__fds-72-sikafloor-2430-co-comp-b-sika,SIKA,Sikafloor®-2430 Part B,FDS 72 - Sikafloor®-2430 CO Comp.B - SIKA.pdf,15,10,11,1,1,183,"image,ocr,text",0,1,1528
sika__fds-72-sikafloor-2430-co-comp-b-sika__sec16__chunk01,sika__fds-72-sikafloor-2430-co-comp-b-sika,SIKA,Sikafloor®-2430 Part B,FDS 72 - Sikafloor®-2430 CO Comp.B - SIKA.pdf,16,11,12,1,1,501,"image,ocr,text",0,3,4089
sika__fds-73-sikafloor-161-part-a-level-comercial-sika__sec01__chunk01,sika__fds-73-sikafloor-161-part-a-level-comercial-sika,SIKA,Sikafloor®-161 Part A,FDS 73 - Sikafloor®-161 Part A Level Comercial - SIKA.pdf,1,1,1,1,1,144,"image,ocr,text",0,1,1313
sika__fds-73-sikafloor-161-part-a-level-comercial-sika__sec02__chunk01,sika__fds-73-sikafloor-161-part-a-level-comercial-sika,SIKA,Sikafloor®-161 Part A,FDS 73 - Sikafloor®-161 Part A Level Comercial - SIKA.pdf,2,1,2,1,1,476,"image,ocr,text",0,3,4115
sika__fds-73-sikafloor-161-part-a-level-comercial-sika__sec03__chunk01,sika__fds-73-sikafloor-161-part-a-level-comercial-sika,SIKA,Sikafloor®-161 Part A,FDS 73 - Sikafloor®-161 Part A Level Comercial - SIKA.pdf,3,2,3,1,1,276,"image,ocr,table,text",2,1,2561
sika__fds-73-sikafloor-161-part-a-level-comercial-sika__sec04__chunk01,sika__fds-73-sikafloor-161-part-a-level-comercial-sika,SIKA,Sikafloor®-161 Part A,FDS 73 - Sikafloor®-161 Part A Level Comercial - SIKA.pdf,4,3,3,1,1,221,text,0,0,1400
sika__fds-73-sikafloor-161-part-a-level-comercial-sika__sec05__chunk01,sika__fds-73-sikafloor-161-part-a-level-comercial-sika,SIKA,Sikafloor®-161 Part A,FDS 73 - Sikafloor®-161 Part A Level Comercial - SIKA.pdf,5,3,4,1,1,187,"image,ocr,text",0,1,1549
sika__fds-73-sikafloor-161-part-a-level-comercial-sika__sec06__chunk01,sika__fds-73-sikafloor-161-part-a-level-comercial-sika,SIKA,Sikafloor®-161 Part A,FDS 73 - Sikafloor®-161 Part A Level Comercial - SIKA.pdf,6,4,4,1,1,112,text,0,0,769
sika__fds-73-sikafloor-161-part-a-level-comercial-sika__sec07__chunk01,sika__fds-73-sikafloor-161-part-a-level-comercial-sika,SIKA,Sikafloor®-161 Part A,FDS 73 - Sikafloor®-161 Part A Level Comercial - SIKA.pdf,7,4,5,1,1,236,"image,ocr,text",0,1,1900
sika__fds-73-sikafloor-161-part-a-level-comercial-sika__sec08__chunk01,sika__fds-73-sikafloor-161-part-a-level-comercial-sika,SIKA,Sikafloor®-161 Part A,FDS 73 - Sikafloor®-161 Part A Level Comercial - SIKA.pdf,8,5,5,1,1,245,text,0,0,1629
sika__fds-73-sikafloor-161-part-a-level-comercial-sika__sec09__chunk01,sika__fds-73-sikafloor-161-part-a-level-comercial-sika,SIKA,Sikafloor®-161 Part A,FDS 73 - Sikafloor®-161 Part A Level Comercial - SIKA.pdf,9,5,6,1,1,255,"image,ocr,text",0,1,2021
sika__fds-73-sikafloor-161-part-a-level-comercial-sika__sec10__chunk01,sika__fds-73-sikafloor-161-part-a-level-comercial-sika,SIKA,Sikafloor®-161 Part A,FDS 73 - Sikafloor®-161 Part A Level Comercial - SIKA.pdf,10,6,7,1,1,120,"image,ocr,text",0,1,1181
sika__fds-73-sikafloor-161-part-a-level-comercial-sika__sec11__chunk01,sika__fds-73-sikafloor-161-part-a-level-comercial-sika,SIKA,Sikafloor®-161 Part A,FDS 73 - Sikafloor®-161 Part A Level Comercial - SIKA.pdf,11,7,8,1,1,244,"image,ocr,text",0,1,2179
sika__fds-73-sikafloor-161-part-a-level-comercial-sika__sec12__chunk01,sika__fds-73-sikafloor-161-part-a-level-comercial-sika,SIKA,Sikafloor®-161 Part A,FDS 73 - Sikafloor®-161 Part A Level Comercial - SIKA.pdf,12,8,8,1,1,221,text,0,0,1476
sika__fds-73-sikafloor-161-part-a-level-comercial-sika__sec13__chunk01,sika__fds-73-sikafloor-161-part-a-level-comercial-sika,SIKA,Sikafloor®-161 Part A,FDS 73 - Sikafloor®-161 Part A Level Comercial - SIKA.pdf,13,8,9,1,1,148,"image,ocr,text",0,1,1303
sika__fds-73-sikafloor-161-part-a-level-comercial-sika__sec14__chunk01,sika__fds-73-sikafloor-161-part-a-level-comercial-sika,SIKA,Sikafloor®-161 Part A,FDS 73 - Sikafloor®-161 Part A Level Comercial - SIKA.pdf,14,9,10,1,1,273,"image,ocr,text",0,1,2131
sika__fds-73-sikafloor-161-part-a-level-comercial-sika__sec15__chunk01,sika__fds-73-sikafloor-161-part-a-level-comercial-sika,SIKA,Sikafloor®-161 Part A,FDS 73 - Sikafloor®-161 Part A Level Comercial - SIKA.pdf,15,10,10,1,1,141,text,0,0,956
sika__fds-73-sikafloor-161-part-a-level-comercial-sika__sec16__chunk01,sika__fds-73-sikafloor-161-part-a-level-comercial-sika,SIKA,Sikafloor®-161 Part A,FDS 73 - Sikafloor®-161 Part A Level Comercial - SIKA.pdf,16,10,11,1,1,478,"image,ocr,text",0,3,4100
sika__fds-74-sikafloor-161-264-b-sika__sec01__chunk01,sika__fds-74-sikafloor-161-264-b-sika,SIKA,Sikafloor®-161/264 Part B,FDS 74 - Sikafloor-161-264 (B) - SIKA.pdf,1,1,1,1,1,141,"image,ocr,text",0,1,1227
sika__fds-74-sikafloor-161-264-b-sika__sec02__chunk01,sika__fds-74-sikafloor-161-264-b-sika,SIKA,Sikafloor®-161/264 Part B,FDS 74 - Sikafloor-161-264 (B) - SIKA.pdf,2,1,3,1,1,756,"image,ocr,text",0,6,6439
sika__fds-74-sikafloor-161-264-b-sika__sec03__chunk01,sika__fds-74-sikafloor-161-264-b-sika,SIKA,Sikafloor®-161/264 Part B,FDS 74 - Sikafloor-161-264 (B) - SIKA.pdf,3,3,3,1,1,254,"table,text",1,0,2261
sika__fds-74-sikafloor-161-264-b-sika__sec04__chunk01,sika__fds-74-sikafloor-161-264-b-sika,SIKA,Sikafloor®-161/264 Part B,FDS 74 - Sikafloor-161-264 (B) - SIKA.pdf,4,3,4,1,1,354,"image,ocr,text",0,1,2538
sika__fds-74-sikafloor-161-264-b-sika__sec05__chunk01,sika__fds-74-sikafloor-161-264-b-sika,SIKA,Sikafloor®-161/264 Part B,FDS 74 - Sikafloor-161-264 (B) - SIKA.pdf,5,4,4,1,1,134,text,0,0,851
sika__fds-74-sikafloor-161-264-b-sika__sec06__chunk01,sika__fds-74-sikafloor-161-264-b-sika,SIKA,Sikafloor®-161/264 Part B,FDS 74 - Sikafloor-161-264 (B) - SIKA.pdf,6,4,5,1,1,164,"image,ocr,text",0,1,1395
sika__fds-74-sikafloor-161-264-b-sika__sec07__chunk01,sika__fds-74-sikafloor-161-264-b-sika,SIKA,Sikafloor®-161/264 Part B,FDS 74 - Sikafloor-161-264 (B) - SIKA.pdf,7,5,5,1,1,198,text,0,0,1299
sika__fds-74-sikafloor-161-264-b-sika__sec08__chunk01,sika__fds-74-sikafloor-161-264-b-sika,SIKA,Sikafloor®-161/264 Part B,FDS 74 - Sikafloor-161-264 (B) - SIKA.pdf,8,5,6,1,1,373,"image,ocr,table,text",1,1,3132
sika__fds-74-sikafloor-161-264-b-sika__sec09__chunk01,sika__fds-74-sikafloor-161-264-b-sika,SIKA,Sikafloor®-161/264 Part B,FDS 74 - Sikafloor-161-264 (B) - SIKA.pdf,9,6,7,1,1,258,"image,ocr,text",0,1,1970
sika__fds-74-sikafloor-161-264-b-sika__sec10__chunk01,sika__fds-74-sikafloor-161-264-b-sika,SIKA,Sikafloor®-161/264 Part B,FDS 74 - Sikafloor-161-264 (B) - SIKA.pdf,10,7,7,1,1,62,text,0,0,453
sika__fds-74-sikafloor-161-264-b-sika__sec11__chunk01,sika__fds-74-sikafloor-161-264-b-sika,SIKA,Sikafloor®-161/264 Part B,FDS 74 - Sikafloor-161-264 (B) - SIKA.pdf,11,7,9,1,1,423,"image,ocr,text",0,2,3670
sika__fds-74-sikafloor-161-264-b-sika__sec12__chunk01,sika__fds-74-sikafloor-161-264-b-sika,SIKA,Sikafloor®-161/264 Part B,FDS 74 - Sikafloor-161-264 (B) - SIKA.pdf,12,9,10,1,1,334,"image,ocr,text",0,1,2558
sika__fds-74-sikafloor-161-264-b-sika__sec13__chunk01,sika__fds-74-sikafloor-161-264-b-sika,SIKA,Sikafloor®-161/264 Part B,FDS 74 - Sikafloor-161-264 (B) - SIKA.pdf,13,10,10,1,1,78,text,0,0,513
sika__fds-74-sikafloor-161-264-b-sika__sec14__chunk01,sika__fds-74-sikafloor-161-264-b-sika,SIKA,Sikafloor®-161/264 Part B,FDS 74 - Sikafloor-161-264 (B) - SIKA.pdf,14,10,11,1,1,264,"image,ocr,text",0,1,1957
sika__fds-74-sikafloor-161-264-b-sika__sec15__chunk01,sika__fds-74-sikafloor-161-264-b-sika,SIKA,Sikafloor®-161/264 Part B,FDS 74 - Sikafloor-161-264 (B) - SIKA.pdf,15,11,11,1,1,121,text,0,0,814
sika__fds-74-sikafloor-161-264-b-sika__sec16__chunk01,sika__fds-74-sikafloor-161-264-b-sika,SIKA,Sikafloor®-161/264 Part B,FDS 74 - Sikafloor-161-264 (B) - SIKA.pdf,16,11,12,1,1,497,"image,ocr,text",0,3,3992
sika__fds-86-sikafloor-510-part-a-sika__sec01__chunk01,sika__fds-86-sikafloor-510-part-a-sika,SIKA,Sikafloor®-510 Part A,FDS 86 - Sikafloor®-510  Part A - SIKA.pdf,1,1,1,1,1,139,"image,ocr,text",0,1,1211
sika__fds-86-sikafloor-510-part-a-sika__sec02__chunk01,sika__fds-86-sikafloor-510-part-a-sika,SIKA,Sikafloor®-510 Part A,FDS 86 - Sikafloor®-510  Part A - SIKA.pdf,2,1,2,1,1,393,"image,ocr,text",0,3,3394
sika__fds-86-sikafloor-510-part-a-sika__sec03__chunk01,sika__fds-86-sikafloor-510-part-a-sika,SIKA,Sikafloor®-510 Part A,FDS 86 - Sikafloor®-510  Part A - SIKA.pdf,3,2,3,1,1,261,"image,ocr,table,text",1,1,2980
sika__fds-86-sikafloor-510-part-a-sika__sec04__chunk01,sika__fds-86-sikafloor-510-part-a-sika,SIKA,Sikafloor®-510 Part A,FDS 86 - Sikafloor®-510  Part A - SIKA.pdf,4,3,3,1,1,210,text,0,0,1298
sika__fds-86-sikafloor-510-part-a-sika__sec05__chunk01,sika__fds-86-sikafloor-510-part-a-sika,SIKA,Sikafloor®-510 Part A,FDS 86 - Sikafloor®-510  Part A - SIKA.pdf,5,3,3,1,1,79,text,0,0,523
sika__fds-86-sikafloor-510-part-a-sika__sec06__chunk01,sika__fds-86-sikafloor-510-part-a-sika,SIKA,Sikafloor®-510 Part A,FDS 86 - Sikafloor®-510  Part A - SIKA.pdf,6,3,4,1,1,164,"image,ocr,text",0,1,1391
sika__fds-86-sikafloor-510-part-a-sika__sec07__chunk01,sika__fds-86-sikafloor-510-part-a-sika,SIKA,Sikafloor®-510 Part A,FDS 86 - Sikafloor®-510  Part A - SIKA.pdf,7,4,4,1,1,174,text,0,0,1139
sika__fds-86-sikafloor-510-part-a-sika__sec08__chunk01,sika__fds-86-sikafloor-510-part-a-sika,SIKA,Sikafloor®-510 Part A,FDS 86 - Sikafloor®-510  Part A - SIKA.pdf,8,4,5,1,1,298,"image,ocr,text",0,1,2262
sika__fds-86-sikafloor-510-part-a-sika__sec09__chunk01,sika__fds-86-sikafloor-510-part-a-sika,SIKA,Sikafloor®-510 Part A,FDS 86 - Sikafloor®-510  Part A - SIKA.pdf,9,5,6,1,1,254,"image,ocr,text",0,1,1940
sika__fds-86-sikafloor-510-part-a-sika__sec10__chunk01,sika__fds-86-sikafloor-510-part-a-sika,SIKA,Sikafloor®-510 Part A,FDS 86 - Sikafloor®-510  Part A - SIKA.pdf,10,6,6,1,1,72,text,0,0,526
sika__fds-86-sikafloor-510-part-a-sika__sec11__chunk01,sika__fds-86-sikafloor-510-part-a-sika,SIKA,Sikafloor®-510 Part A,FDS 86 - Sikafloor®-510  Part A - SIKA.pdf,11,6,7,1,1,240,"image,ocr,text",0,1,1892
sika__fds-86-sikafloor-510-part-a-sika__sec12__chunk01,sika__fds-86-sikafloor-510-part-a-sika,SIKA,Sikafloor®-510 Part A,FDS 86 - Sikafloor®-510  Part A - SIKA.pdf,12,7,8,1,1,143,"image,ocr,text",0,1,1260
sika__fds-86-sikafloor-510-part-a-sika__sec13__chunk01,sika__fds-86-sikafloor-510-part-a-sika,SIKA,Sikafloor®-510 Part A,FDS 86 - Sikafloor®-510  Part A - SIKA.pdf,13,8,8,1,1,79,text,0,0,514
sika__fds-86-sikafloor-510-part-a-sika__sec14__chunk01,sika__fds-86-sikafloor-510-part-a-sika,SIKA,Sikafloor®-510 Part A,FDS 86 - Sikafloor®-510  Part A - SIKA.pdf,14,8,8,1,1,60,text,0,0,427
sika__fds-86-sikafloor-510-part-a-sika__sec15__chunk01,sika__fds-86-sikafloor-510-part-a-sika,SIKA,Sikafloor®-510 Part A,FDS 86 - Sikafloor®-510  Part A - SIKA.pdf,15,8,9,1,1,183,"image,ocr,text",0,1,1496
sika__fds-86-sikafloor-510-part-a-sika__sec16__chunk01,sika__fds-86-sikafloor-510-part-a-sika,SIKA,Sikafloor®-510 Part A,FDS 86 - Sikafloor®-510  Part A - SIKA.pdf,16,9,10,1,1,467,"image,ocr,text",0,3,3841
sika__fds-87-esmalte-epoxico-part-a-sika__sec01__chunk01,sika__fds-87-esmalte-epoxico-part-a-sika,SIKA,Esmalte Epóxico Part A,FDS 87 - Esmalte Epóxico Part A - SIKA.pdf,1,1,1,1,1,128,"image,ocr,text",0,1,1135
sika__fds-87-esmalte-epoxico-part-a-sika__sec02__chunk01,sika__fds-87-esmalte-epoxico-part-a-sika,SIKA,Esmalte Epóxico Part A,FDS 87 - Esmalte Epóxico Part A - SIKA.pdf,2,1,3,1,1,733,"image,ocr,text",0,5,6197
sika__fds-87-esmalte-epoxico-part-a-sika__sec03__chunk01,sika__fds-87-esmalte-epoxico-part-a-sika,SIKA,Esmalte Epóxico Part A,FDS 87 - Esmalte Epóxico Part A - SIKA.pdf,3,3,3,1,1,205,"table,text",1,0,1583
sika__fds-87-esmalte-epoxico-part-a-sika__sec04__chunk01,sika__fds-87-esmalte-epoxico-part-a-sika,SIKA,Esmalte Epóxico Part A,FDS 87 - Esmalte Epóxico Part A - SIKA.pdf,4,3,4,1,1,328,"image,ocr,text",0,1,2399
sika__fds-87-esmalte-epoxico-part-a-sika__sec05__chunk01,sika__fds-87-esmalte-epoxico-part-a-sika,SIKA,Esmalte Epóxico Part A,FDS 87 - Esmalte Epóxico Part A - SIKA.pdf,5,4,4,1,1,116,text,0,0,734
sika__fds-87-esmalte-epoxico-part-a-sika__sec06__chunk01,sika__fds-87-esmalte-epoxico-part-a-sika,SIKA,Esmalte Epóxico Part A,FDS 87 - Esmalte Epóxico Part A - SIKA.pdf,6,4,5,1,1,178,"image,ocr,text",0,1,1469
sika__fds-87-esmalte-epoxico-part-a-sika__sec07__chunk01,sika__fds-87-esmalte-epoxico-part-a-sika,SIKA,Esmalte Epóxico Part A,FDS 87 - Esmalte Epóxico Part A - SIKA.pdf,7,5,5,1,1,260,text,0,0,1708
sika__fds-87-esmalte-epoxico-part-a-sika__sec08__chunk01,sika__fds-87-esmalte-epoxico-part-a-sika,SIKA,Esmalte Epóxico Part A,FDS 87 - Esmalte Epóxico Part A - SIKA.pdf,8,5,7,1,1,656,"image,ocr,table,text",2,2,6251
sika__fds-87-esmalte-epoxico-part-a-sika__sec09__chunk01,sika__fds-87-esmalte-epoxico-part-a-sika,SIKA,Esmalte Epóxico Part A,FDS 87 - Esmalte Epóxico Part A - SIKA.pdf,9,7,8,1,1,251,"image,ocr,text",0,1,1929
sika__fds-87-esmalte-epoxico-part-a-sika__sec10__chunk01,sika__fds-87-esmalte-epoxico-part-a-sika,SIKA,Esmalte Epóxico Part A,FDS 87 - Esmalte Epóxico Part A - SIKA.pdf,10,8,8,1,1,87,text,0,0,614
sika__fds-87-esmalte-epoxico-part-a-sika__sec11__chunk01,sika__fds-87-esmalte-epoxico-part-a-sika,SIKA,Esmalte Epóxico Part A,FDS 87 - Esmalte Epóxico Part A - SIKA.pdf,11,8,9,1,1,325,"image,ocr,text",0,1,2466
sika__fds-87-esmalte-epoxico-part-a-sika__sec12__chunk01,sika__fds-87-esmalte-epoxico-part-a-sika,SIKA,Esmalte Epóxico Part A,FDS 87 - Esmalte Epóxico Part A - SIKA.pdf,12,9,10,1,1,171,"image,ocr,text",0,1,1476
sika__fds-87-esmalte-epoxico-part-a-sika__sec13__chunk01,sika__fds-87-esmalte-epoxico-part-a-sika,SIKA,Esmalte Epóxico Part A,FDS 87 - Esmalte Epóxico Part A - SIKA.pdf,13,10,10,1,1,92,text,0,0,577
sika__fds-87-esmalte-epoxico-part-a-sika__sec14__chunk01,sika__fds-87-esmalte-epoxico-part-a-sika,SIKA,Esmalte Epóxico Part A,FDS 87 - Esmalte Epóxico Part A - SIKA.pdf,14,10,11,1,1,266,"image,ocr,text",0,1,1983
sika__fds-87-esmalte-epoxico-part-a-sika__sec15__chunk01,sika__fds-87-esmalte-epoxico-part-a-sika,SIKA,Esmalte Epóxico Part A,FDS 87 - Esmalte Epóxico Part A - SIKA.pdf,15,11,11,1,1,140,text,0,0,932
sika__fds-87-esmalte-epoxico-part-a-sika__sec16__chunk01,sika__fds-87-esmalte-epoxico-part-a-sika,SIKA,Esmalte Epóxico Part A,FDS 87 - Esmalte Epóxico Part A - SIKA.pdf,16,11,13,1,1,567,"image,ocr,text",0,4,4773
